{"frames":[{"filename":"deer_1","frame":{"x":0,"y":0,"w":137,"h":267},"rotated":false,"trimmed":false,"spriteSourceSize":{"x":0,"y":0,"w":137,"h":267},"sourceSize":{"w":137,"h":267}},{"filename":"deer_0","frame":{"x":138,"y":0,"w":137,"h":267},"rotated":false,"trimmed":false,"spriteSourceSize":{"x":0,"y":0,"w":137,"h":267},"sourceSize":{"w":137,"h":267}},{"filename":"deer_sign","frame":{"x":276,"y":0,"w":75,"h":98},"rotated":false,"trimmed":false,"spriteSourceSize":{"x":0,"y":0,"w":75,"h":98},"sourceSize":{"w":75,"h":98}}],"meta":{"app":"http://www.leshylabs.com/apps/sstool/","version":"Leshy SpriteSheet Tool v0.8.4","image":"DEERTA.png","size":{"w":351,"h":267},"scale":1}}