{"frames":[
{"filename":"tree",
"frame":{"x":339,"y":164,"w":188,"h":322},
"rotated":false,"trimmed":false,
"spriteSourceSize":{"x":0,"y":0,"w":188,"h":322},
"sourceSize":{"w":188,"h":322}},

{"filename":"deer_0",
"frame":{"x":201,"y":268,"w":137,"h":267},
"rotated":false,"trimmed":false,
"spriteSourceSize":{"x":0,"y":0,"w":137,"h":267},
"sourceSize":{"w":137,"h":267}},

{"filename":"snowtree",
"frame":{"x":0,"y":181,"w":192,"h":356},
"rotated":false,"trimmed":false,
"spriteSourceSize":{"x":0,"y":0,"w":192,"h":356},
"sourceSize":{"w":192,"h":356}},

{"filename":"deer_sign",
"frame":{"x":0,"y":82,"w":75,"h":98},
"rotated":false,"trimmed":false,
"spriteSourceSize":{"x":0,"y":0,"w":75,"h":98},
"sourceSize":{"w":75,"h":98}},

{"filename":"deer_1",
"frame":{"x":201,"y":0,"w":137,"h":267},
"rotated":false,"trimmed":false,
"spriteSourceSize":{"x":0,"y":0,"w":137,"h":267},
"sourceSize":{"w":137,"h":267}},

{"filename":"Cloud3","frame":{"x":339,"y":82,"w":200,"h":81},
"rotated":false,"trimmed":false,
"spriteSourceSize":{"x":0,"y":0,"w":200,"h":81},
"sourceSize":{"w":200,"h":81}},

{"filename":"Cloud1",
"frame":{"x":339,"y":0,"w":200,"h":81},
"rotated":false,"trimmed":false,
"spriteSourceSize":{"x":0,"y":0,"w":200,"h":81},
"sourceSize":{"w":200,"h":81}},

{"filename":"Cloud2",
"frame":{"x":0,"y":0,"w":200,"h":81},
"rotated":false,"trimmed":false,
"spriteSourceSize":{"x":0,"y":0,"w":200,"h":81},
"sourceSize":{"w":200,"h":81}}],

"meta":{"app":"http://www.leshylabs.com/apps/sstool/","version":"Leshy SpriteSheet Tool v0.8.4","image":"PLAY_TA2.png","size":{"w":539,"h":537},"scale":1}}