{"frames":[{"filename":"acorn","frame":{"x":138,"y":82,"w":35,"h":40},"rotated":false,"trimmed":false,"spriteSourceSize":{"x":0,"y":0,"w":35,"h":40},"sourceSize":{"w":35,"h":40}},{"filename":"EnergyDrink","frame":{"x":138,"y":161,"w":42,"h":91},"rotated":false,"trimmed":false,"spriteSourceSize":{"x":0,"y":0,"w":42,"h":91},"sourceSize":{"w":42,"h":91}},{"filename":"truck_1","frame":{"x":583,"y":450,"w":231,"h":126},"rotated":false,"trimmed":false,"spriteSourceSize":{"x":0,"y":0,"w":231,"h":126},"sourceSize":{"w":231,"h":126}},{"filename":"truck_0","frame":{"x":583,"y":0,"w":231,"h":126},"rotated":false,"trimmed":false,"spriteSourceSize":{"x":0,"y":0,"w":231,"h":126},"sourceSize":{"w":231,"h":126}},{"filename":"MoleEnemy","frame":{"x":402,"y":369,"w":75,"h":75},"rotated":false,"trimmed":false,"spriteSourceSize":{"x":0,"y":0,"w":75,"h":75},"sourceSize":{"w":75,"h":75}},{"filename":"MoleDirt","frame":{"x":193,"y":612,"w":75,"h":12},"rotated":false,"trimmed":false,"spriteSourceSize":{"x":0,"y":0,"w":75,"h":12},"sourceSize":{"w":75,"h":12}},{"filename":"Crow_1_2","frame":{"x":402,"y":121,"w":166,"h":126},"rotated":false,"trimmed":false,"spriteSourceSize":{"x":0,"y":0,"w":166,"h":126},"sourceSize":{"w":166,"h":126}},{"filename":"Crow_1_1","frame":{"x":402,"y":445,"w":166,"h":139},"rotated":false,"trimmed":false,"spriteSourceSize":{"x":0,"y":0,"w":166,"h":139},"sourceSize":{"w":166,"h":139}},{"filename":"baseball","frame":{"x":324,"y":350,"w":46,"h":46},"rotated":false,"trimmed":false,"spriteSourceSize":{"x":0,"y":0,"w":46,"h":46},"sourceSize":{"w":46,"h":46}},{"filename":"Toon_Running_1","frame":{"x":583,"y":577,"w":180,"h":120},"rotated":false,"trimmed":false,"spriteSourceSize":{"x":0,"y":0,"w":180,"h":120},"sourceSize":{"w":180,"h":120}},{"filename":"Toon_Running_2","frame":{"x":402,"y":585,"w":180,"h":120},"rotated":false,"trimmed":false,"spriteSourceSize":{"x":0,"y":0,"w":180,"h":120},"sourceSize":{"w":180,"h":120}},{"filename":"Toon_Tripping","frame":{"x":402,"y":248,"w":180,"h":120},"rotated":false,"trimmed":false,"spriteSourceSize":{"x":0,"y":0,"w":180,"h":120},"sourceSize":{"w":180,"h":120}},{"filename":"ToonSitting_1","frame":{"x":643,"y":707,"w":150,"h":113},"rotated":false,"trimmed":false,"spriteSourceSize":{"x":0,"y":0,"w":150,"h":113},"sourceSize":{"w":150,"h":113}},{"filename":"Toon_Running_3","frame":{"x":402,"y":0,"w":180,"h":120},"rotated":false,"trimmed":false,"spriteSourceSize":{"x":0,"y":0,"w":180,"h":120},"sourceSize":{"w":180,"h":120}},{"filename":"moon","frame":{"x":193,"y":350,"w":130,"h":130},"rotated":false,"trimmed":false,"spriteSourceSize":{"x":0,"y":0,"w":130,"h":130},"sourceSize":{"w":130,"h":130}},{"filename":"sun","frame":{"x":193,"y":481,"w":130,"h":130},"rotated":false,"trimmed":false,"spriteSourceSize":{"x":0,"y":0,"w":130,"h":130},"sourceSize":{"w":130,"h":130}},{"filename":"Caution","frame":{"x":138,"y":123,"w":42,"h":37},"rotated":false,"trimmed":false,"spriteSourceSize":{"x":0,"y":0,"w":42,"h":37},"sourceSize":{"w":42,"h":37}},{"filename":"Winter_1","frame":{"x":0,"y":707,"w":642,"h":114},"rotated":false,"trimmed":false,"spriteSourceSize":{"x":0,"y":0,"w":642,"h":114},"sourceSize":{"w":642,"h":114}},{"filename":"clock","frame":{"x":324,"y":397,"w":40,"h":40},"rotated":false,"trimmed":false,"spriteSourceSize":{"x":0,"y":0,"w":40,"h":40},"sourceSize":{"w":40,"h":40}},{"filename":"clockhand","frame":{"x":324,"y":438,"w":40,"h":40},"rotated":false,"trimmed":false,"spriteSourceSize":{"x":0,"y":0,"w":40,"h":40},"sourceSize":{"w":40,"h":40}},{"filename":"hills","frame":{"x":0,"y":822,"w":800,"h":89},"rotated":false,"trimmed":false,"spriteSourceSize":{"x":0,"y":0,"w":800,"h":89},"sourceSize":{"w":800,"h":89}},{"filename":"snowtree","frame":{"x":0,"y":350,"w":192,"h":356},"rotated":false,"trimmed":false,"spriteSourceSize":{"x":0,"y":0,"w":192,"h":356},"sourceSize":{"w":192,"h":356}},{"filename":"tree","frame":{"x":583,"y":127,"w":188,"h":322},"rotated":false,"trimmed":false,"spriteSourceSize":{"x":0,"y":0,"w":188,"h":322},"sourceSize":{"w":188,"h":322}},{"filename":"Cloud1","frame":{"x":201,"y":0,"w":200,"h":81},"rotated":false,"trimmed":false,"spriteSourceSize":{"x":0,"y":0,"w":200,"h":81},"sourceSize":{"w":200,"h":81}},{"filename":"Cloud2","frame":{"x":193,"y":625,"w":200,"h":81},"rotated":false,"trimmed":false,"spriteSourceSize":{"x":0,"y":0,"w":200,"h":81},"sourceSize":{"w":200,"h":81}},{"filename":"Cloud3","frame":{"x":0,"y":0,"w":200,"h":81},"rotated":false,"trimmed":false,"spriteSourceSize":{"x":0,"y":0,"w":200,"h":81},"sourceSize":{"w":200,"h":81}},{"filename":"deer_1","frame":{"x":201,"y":82,"w":137,"h":267},"rotated":false,"trimmed":false,"spriteSourceSize":{"x":0,"y":0,"w":137,"h":267},"sourceSize":{"w":137,"h":267}},{"filename":"deer_sign","frame":{"x":324,"y":481,"w":75,"h":98},"rotated":false,"trimmed":false,"spriteSourceSize":{"x":0,"y":0,"w":75,"h":98},"sourceSize":{"w":75,"h":98}},{"filename":"deer_0","frame":{"x":0,"y":82,"w":137,"h":267},"rotated":false,"trimmed":false,"spriteSourceSize":{"x":0,"y":0,"w":137,"h":267},"sourceSize":{"w":137,"h":267}}],"meta":{"app":"http://www.leshylabs.com/apps/sstool/","version":"Leshy SpriteSheet Tool v0.8.4","image":"spritesheet.png","size":{"w":814,"h":911},"scale":1}}