{"frames":[{"filename":"acorn","frame":{"x":528,"y":508,"w":35,"h":40},"rotated":false,"trimmed":false,"spriteSourceSize":{"x":0,"y":0,"w":35,"h":40},"sourceSize":{"w":35,"h":40}},{"filename":"EnergyDrink","frame":{"x":362,"y":508,"w":42,"h":91},"rotated":false,"trimmed":false,"spriteSourceSize":{"x":0,"y":0,"w":42,"h":91},"sourceSize":{"w":42,"h":91}},{"filename":"truck_1","frame":{"x":0,"y":381,"w":231,"h":126},"rotated":false,"trimmed":false,"spriteSourceSize":{"x":0,"y":0,"w":231,"h":126},"sourceSize":{"w":231,"h":126}},{"filename":"truck_0","frame":{"x":232,"y":381,"w":231,"h":126},"rotated":false,"trimmed":false,"spriteSourceSize":{"x":0,"y":0,"w":231,"h":126},"sourceSize":{"w":231,"h":126}},{"filename":"MoleEnemy","frame":{"x":405,"y":508,"w":75,"h":75},"rotated":false,"trimmed":false,"spriteSourceSize":{"x":0,"y":0,"w":75,"h":75},"sourceSize":{"w":75,"h":75}},{"filename":"MoleDirt","frame":{"x":362,"y":600,"w":75,"h":12},"rotated":false,"trimmed":false,"spriteSourceSize":{"x":0,"y":0,"w":75,"h":12},"sourceSize":{"w":75,"h":12}},{"filename":"Crow_2_1","frame":{"x":429,"y":241,"w":166,"h":126},"rotated":false,"trimmed":false,"spriteSourceSize":{"x":0,"y":0,"w":166,"h":126},"sourceSize":{"w":166,"h":126}},{"filename":"Crow_1_1","frame":{"x":0,"y":241,"w":166,"h":139},"rotated":false,"trimmed":false,"spriteSourceSize":{"x":0,"y":0,"w":166,"h":139},"sourceSize":{"w":166,"h":139}},{"filename":"baseball","frame":{"x":481,"y":508,"w":46,"h":46},"rotated":false,"trimmed":false,"spriteSourceSize":{"x":0,"y":0,"w":46,"h":46},"sourceSize":{"w":46,"h":46}},{"filename":"Toon_Running_1","frame":{"x":181,"y":508,"w":180,"h":120},"rotated":false,"trimmed":false,"spriteSourceSize":{"x":0,"y":0,"w":180,"h":120},"sourceSize":{"w":180,"h":120}},{"filename":"Toon_Running_2","frame":{"x":464,"y":381,"w":180,"h":120},"rotated":false,"trimmed":false,"spriteSourceSize":{"x":0,"y":0,"w":180,"h":120},"sourceSize":{"w":180,"h":120}},{"filename":"Toon_Tripping","frame":{"x":596,"y":241,"w":180,"h":120},"rotated":false,"trimmed":false,"spriteSourceSize":{"x":0,"y":0,"w":180,"h":120},"sourceSize":{"w":180,"h":120}},{"filename":"ToonSitting_1","frame":{"x":643,"y":629,"w":150,"h":113},"rotated":false,"trimmed":false,"spriteSourceSize":{"x":0,"y":0,"w":150,"h":113},"sourceSize":{"w":150,"h":113}},{"filename":"Toon_Running_3","frame":{"x":0,"y":508,"w":180,"h":120},"rotated":false,"trimmed":false,"spriteSourceSize":{"x":0,"y":0,"w":180,"h":120},"sourceSize":{"w":180,"h":120}},{"filename":"moon","frame":{"x":298,"y":241,"w":130,"h":130},"rotated":false,"trimmed":false,"spriteSourceSize":{"x":0,"y":0,"w":130,"h":130},"sourceSize":{"w":130,"h":130}},{"filename":"sun","frame":{"x":167,"y":241,"w":130,"h":130},"rotated":false,"trimmed":false,"spriteSourceSize":{"x":0,"y":0,"w":130,"h":130},"sourceSize":{"w":130,"h":130}},{"filename":"Caution","frame":{"x":564,"y":508,"w":42,"h":37},"rotated":false,"trimmed":false,"spriteSourceSize":{"x":0,"y":0,"w":42,"h":37},"sourceSize":{"w":42,"h":37}},{"filename":"Winter_1","frame":{"x":0,"y":629,"w":642,"h":114},"rotated":false,"trimmed":false,"spriteSourceSize":{"x":0,"y":0,"w":642,"h":114},"sourceSize":{"w":642,"h":114}},{"filename":"hills","frame":{"x":0,"y":0,"w":800,"h":240},"rotated":false,"trimmed":false,"spriteSourceSize":{"x":0,"y":0,"w":800,"h":240},"sourceSize":{"w":800,"h":240}}],"meta":{"app":"http://www.leshylabs.com/apps/sstool/","version":"Leshy SpriteSheet Tool v0.8.4","image":"Play_TA.png","size":{"w":800,"h":743},"scale":1}}