{"frames":[{"filename":"holder","frame":{"x":0,"y":0,"w":250,"h":20},"rotated":false,"trimmed":false,"spriteSourceSize":{"x":0,"y":0,"w":250,"h":20},"sourceSize":{"w":250,"h":20}},{"filename":"acorn","frame":{"x":151,"y":36,"w":35,"h":40},"rotated":false,"trimmed":false,"spriteSourceSize":{"x":0,"y":0,"w":35,"h":40},"sourceSize":{"w":35,"h":40}},{"filename":"bar","frame":{"x":0,"y":21,"w":236,"h":14},"rotated":false,"trimmed":false,"spriteSourceSize":{"x":0,"y":0,"w":236,"h":14},"sourceSize":{"w":236,"h":14}},{"filename":"bg","frame":{"x":0,"y":36,"w":150,"h":48},"rotated":false,"trimmed":false,"spriteSourceSize":{"x":0,"y":0,"w":150,"h":48},"sourceSize":{"w":150,"h":48}}],"meta":{"app":"http://www.leshylabs.com/apps/sstool/","version":"Leshy SpriteSheet Tool v0.8.4","image":"preload.png","size":{"w":250,"h":84},"scale":1}}