{"frames":[{"filename":"PauseScreen","frame":{"x":0,"y":0,"w":356,"h":353},"rotated":false,"trimmed":false,"spriteSourceSize":{"x":0,"y":0,"w":356,"h":353},"sourceSize":{"w":356,"h":353}},{"filename":"arrow","frame":{"x":0,"y":354,"w":64,"h":64},"rotated":false,"trimmed":false,"spriteSourceSize":{"x":0,"y":0,"w":64,"h":64},"sourceSize":{"w":64,"h":64}},{"filename":"box","frame":{"x":182,"y":354,"w":40,"h":40},"rotated":false,"trimmed":false,"spriteSourceSize":{"x":0,"y":0,"w":40,"h":40},"sourceSize":{"w":40,"h":40}},{"filename":"check","frame":{"x":130,"y":354,"w":51,"h":43},"rotated":false,"trimmed":false,"spriteSourceSize":{"x":0,"y":0,"w":51,"h":43},"sourceSize":{"w":51,"h":43}},{"filename":"key","frame":{"x":65,"y":354,"w":64,"h":64},"rotated":false,"trimmed":false,"spriteSourceSize":{"x":0,"y":0,"w":64,"h":64},"sourceSize":{"w":64,"h":64}}],"meta":{"app":"http://www.leshylabs.com/apps/sstool/","version":"Leshy SpriteSheet Tool v0.8.4","image":"spritesheet.png","size":{"w":356,"h":418},"scale":1}}