{"frames":[
{"filename":"x10 text",
"frame":{"x":206,"y":665,"w":150,"h":83},
"rotated":false,"trimmed":false,
"spriteSourceSize":{"x":0,"y":0,"w":150,"h":83},
"sourceSize":{"w":150,"h":83}},

{"filename":"panel",
"frame":{"x":357,"y":665,"w":150,"h":48},
"rotated":false,"trimmed":false,
"spriteSourceSize":{"x":0,"y":0,"w":150,"h":48},
"sourceSize":{"w":150,"h":48}},

{"filename":"ButtonHighScore",
"frame":{"x":514,"y":551,"w":100,"h":100},
"rotated":false,"trimmed":false,
"spriteSourceSize":{"x":0,"y":0,"w":100,"h":100},
"sourceSize":{"w":100,"h":100}},

{"filename":"button",
"frame":{"x":615,"y":551,"w":150,"h":48},
"rotated":false,"trimmed":false,
"spriteSourceSize":{"x":0,"y":0,"w":150,"h":48},
"sourceSize":{"w":150,"h":48}},

{"filename":"Hyper Bar Meter",
"frame":{"x":608,"y":714,"w":236,"h":14},
"rotated":false,"trimmed":false,
"spriteSourceSize":{"x":0,"y":0,"w":236,"h":14},
"sourceSize":{"w":236,"h":14}},

{"filename":"Hyper Bar Panel",
"frame":{"x":357,"y":714,"w":250,"h":20},
"rotated":false,"trimmed":false,
"spriteSourceSize":{"x":0,"y":0,"w":250,"h":20},
"sourceSize":{"w":250,"h":20}},

{"filename":"ButtonInstructions",
"frame":{"x":615,"y":600,"w":150,"h":48},
"rotated":false,"trimmed":false,
"spriteSourceSize":{"x":0,"y":0,"w":150,"h":48},
"sourceSize":{"w":150,"h":48}},

{"filename":"ButtonStart",
"frame":{"x":508,"y":665,"w":150,"h":48},
"rotated":false,"trimmed":false,
"spriteSourceSize":{"x":0,"y":0,"w":150,"h":48},
"sourceSize":{"w":150,"h":48}},

{"filename":"ButtonTitle",
"frame":{"x":659,"y":665,"w":150,"h":48},
"rotated":false,"trimmed":false,
"spriteSourceSize":{"x":0,"y":0,"w":150,"h":48},
"sourceSize":{"w":150,"h":48}},

{"filename":"Toon the Squirrel Standing",
"frame":{"x":0,"y":551,"w":205,"h":200},
"rotated":false,"trimmed":false,
"spriteSourceSize":{"x":0,"y":0,"w":205,"h":200},
"sourceSize":{"w":205,"h":200}},

{"filename":"Sleeping Toon",
"frame":{"x":206,"y":551,"w":307,"h":113},
"rotated":false,"trimmed":false,
"spriteSourceSize":{"x":0,"y":0,"w":307,"h":113},
"sourceSize":{"w":307,"h":113}},

{"filename":"Title",
"frame":{"x":0,"y":266,"w":831,"h":284},
"rotated":false,"trimmed":false,
"spriteSourceSize":{"x":0,"y":0,"w":831,"h":284}, 
"sourceSize":{"w":831,"h":284}},

{"filename":"acorns",
"frame":{"x":0,"y":0,"w":900,"h":265},
"rotated":false,"trimmed":false,
"spriteSourceSize":{"x":0,"y":0,"w":900,"h":265},
"sourceSize":{"w":900,"h":265}}],

"meta":{"app":"http://www.leshylabs.com/apps/sstool/","version":"Leshy SpriteSheet Tool v0.8.4","image":"UI_TA.png","size":{"w":900,"h":751},"scale":1}}